{
  "num_relevant": 1.0,
  "first_hit_rank": 1.0,
  "recall@1": 1.0,
  "precision@1": 1.0,
  "hit@1": 1.0,
  "recall@3": 1.0,
  "precision@3": 0.3333333333333333,
  "hit@3": 1.0,
  "recall@5": 1.0,
  "precision@5": 0.20000000000000004,
  "hit@5": 1.0,
  "mrr@5": 1.0,
  "map@5": 1.0,
  "ndcg@5": 1.0
}